Dataset,File,Pointers,Void Pointers,Uninitialized Pointers,Smart Pointers,Mallocs,Frees,Implicit Casts from Malloc,Unsafe Functions,Unsafe Casts,Construct from Implicit Cast,Unions,Ref Class Members,Ref Returns,Ref Const Returns,Ref to Deref,Address of Array,2D Arrays,Failed,Samples
Summary,All,896202,62384,805219,0,18492,89093,17,1556153,409126,10663,2301,0,38,0,0,34936,71204,736,5842454
test_real,file1.jsonl,1942,0,1795,0,0,3,0,27235,274,405,0,0,0,0,0,1,482,1,2141
,,,,,,,,,,,,,,,,,,,,
test_synth,file1.jsonl,534,0,518,0,1,3,0,32,159,0,1,0,0,0,0,8,45,0,5000
,,,,,,,,,,,,,,,,,,,,
train_real_compilable,file1.jsonl,2209,225,1887,0,106,636,0,7967,1398,36,6,0,0,0,0,108,272,4,10020
train_real_compilable,file2.jsonl,2202,229,1872,0,90,546,0,7740,1633,71,4,0,16,0,0,109,310,10,20039
train_real_compilable,file3.jsonl,2138,209,1831,0,89,488,0,8073,1512,88,3,0,0,0,0,73,341,13,30061
train_real_compilable,file4.jsonl,2122,179,1812,0,106,581,0,7729,2280,24,2,0,0,0,0,91,281,15,40078
train_real_compilable,file5.jsonl,2030,184,1702,0,121,598,0,7567,1488,32,5,0,0,0,0,124,280,22,50101
train_real_compilable,file6.jsonl,2059,211,1758,0,102,644,1,7640,1422,78,5,0,0,0,0,135,294,25,60117
train_real_compilable,file7.jsonl,2067,221,1748,0,106,617,0,7897,1265,56,4,0,0,0,0,108,261,28,70135
train_real_compilable,file8.jsonl,2128,237,1822,0,108,612,0,8426,1295,46,2,0,0,0,0,108,344,28,80149
train_real_compilable,file9.jsonl,2164,190,1819,0,142,590,0,8331,1377,33,7,0,0,0,0,124,340,33,90168
train_real_compilable,file10.jsonl,2193,213,1897,0,96,563,0,7848,1573,80,9,0,0,0,0,102,255,35,100183
train_real_compilable,file11.jsonl,2187,224,1847,0,98,546,0,7720,1398,33,5,0,2,0,0,101,279,39,110206
train_real_compilable,file12.jsonl,2152,199,1789,0,90,601,0,7876,1303,76,6,0,0,0,0,121,320,42,120221
train_real_compilable,file13.jsonl,2172,205,1856,0,116,616,0,7935,1353,74,2,0,0,0,0,118,337,45,130245
train_real_compilable,file14.jsonl,2169,204,1845,0,110,591,0,7644,1427,42,8,0,0,0,0,97,305,45,140259
train_real_compilable,file15.jsonl,2278,221,1912,0,132,623,0,7948,1474,27,4,0,0,0,0,91,316,47,150276
train_real_compilable,file16.jsonl,2054,192,1733,0,94,583,0,8173,1779,65,4,0,0,0,0,107,408,50,160297
train_real_compilable,file17.jsonl,2123,223,1814,0,103,634,0,7919,1475,80,8,0,0,0,0,130,281,55,170317
train_real_compilable,file18.jsonl,2112,205,1814,0,94,646,0,7884,1429,53,3,0,0,0,0,127,361,56,180327
train_real_compilable,file19.jsonl,2112,208,1802,0,114,658,0,8336,1443,20,3,0,0,0,0,117,244,57,190337
train_real_compilable,file20.jsonl,2161,203,1860,0,90,557,0,7998,1529,77,6,0,0,0,0,104,338,59,200348
train_real_compilable,file21.jsonl,2090,205,1790,0,102,597,0,8074,1528,41,2,0,2,0,0,127,315,62,210366
train_real_compilable,file22.jsonl,2209,235,1846,0,108,573,0,7617,1587,44,1,0,2,0,0,132,288,67,220379
train_real_compilable,file23.jsonl,2163,222,1849,0,120,485,1,7767,1579,42,3,0,0,0,0,84,294,69,230390
train_real_compilable,file24.jsonl,2074,210,1772,0,109,595,0,8389,1424,38,4,0,0,0,0,74,352,72,240406
train_real_compilable,file25.jsonl,2040,192,1712,0,114,612,0,7546,1370,36,6,0,0,0,0,109,338,78,250423
train_real_compilable,file26.jsonl,2221,226,1907,0,105,514,0,7799,1327,30,5,0,0,0,0,96,251,82,260445
train_real_compilable,file27.jsonl,2200,209,1858,0,122,588,0,7359,1459,63,6,0,0,0,0,118,351,84,270469
train_real_compilable,file28.jsonl,2192,213,1890,0,95,568,0,8210,1443,46,7,0,0,0,0,84,294,86,280488
train_real_compilable,file29.jsonl,2082,219,1729,0,87,649,0,7586,1289,64,4,0,0,0,0,107,372,89,290504
train_real_compilable,file30.jsonl,2178,202,1856,0,122,564,0,8386,1920,74,8,0,0,0,0,91,320,92,300528
train_real_compilable,file31.jsonl,2134,204,1864,0,89,599,0,7462,1292,55,2,0,0,0,0,121,391,96,310547
train_real_compilable,file32.jsonl,2136,222,1800,0,117,605,0,7626,1554,53,5,0,0,0,0,87,290,98,320566
train_real_compilable,file33.jsonl,2218,230,1868,0,108,623,0,7895,1446,78,3,0,0,0,0,113,275,101,330584
train_real_compilable,file34.jsonl,2137,209,1798,0,113,579,0,7649,1622,51,5,0,0,0,0,104,326,101,340605
train_real_compilable,file35.jsonl,1983,226,1660,0,99,531,0,7505,1661,50,8,0,0,0,0,81,253,103,350617
train_real_compilable,file36.jsonl,2150,172,1689,0,98,592,0,7335,2175,54,4,0,0,0,0,124,421,105,360632
train_real_compilable,file37.jsonl,2185,217,1844,0,109,614,0,8160,1665,73,1,0,0,0,0,114,308,109,370655
train_real_compilable,file38.jsonl,2193,191,1861,0,105,605,1,7448,1315,79,6,0,0,0,0,108,381,110,380669
train_real_compilable,file39.jsonl,2095,204,1760,0,100,608,0,7187,1355,60,5,0,0,0,0,107,274,115,390684
train_real_compilable,file40.jsonl,2095,214,1785,0,101,549,0,7966,1507,48,4,0,0,0,0,112,301,116,400698
train_real_compilable,file41.jsonl,2096,223,1751,0,104,551,0,7890,1673,49,2,0,0,0,0,99,236,119,410719
train_real_compilable,file42.jsonl,2109,215,1748,0,86,547,0,7888,1425,88,5,0,0,0,0,99,371,122,420742
train_real_compilable,file43.jsonl,2312,332,1885,0,105,619,1,8059,1669,49,7,0,0,0,0,101,331,126,430764
train_real_compilable,file44.jsonl,2255,226,1938,0,103,608,0,8680,1331,58,4,0,2,0,0,99,282,130,440777
train_real_compilable,file45.jsonl,2246,229,1876,0,109,560,0,8373,1584,41,2,0,0,0,0,121,274,136,450797
train_real_compilable,file46.jsonl,2025,200,1753,0,104,642,0,8022,1419,53,9,0,0,0,0,114,315,138,460817
train_real_compilable,file47.jsonl,2081,197,1773,0,122,615,0,7895,2205,31,7,0,0,0,0,139,304,139,470829
train_real_compilable,file48.jsonl,2216,208,1863,0,116,609,0,7842,1383,67,5,0,0,0,0,108,388,141,480846
train_real_compilable,file49.jsonl,2109,204,1777,0,134,675,0,7699,1432,56,11,0,0,0,0,97,264,145,490865
train_real_compilable,file50.jsonl,2172,190,1810,0,107,651,0,7255,1295,55,1,0,0,0,0,118,614,153,500886
train_real_compilable,file51.jsonl,2344,186,1855,0,98,598,0,7954,2163,39,8,0,0,0,0,93,321,156,510902
train_real_compilable,file52.jsonl,2177,203,1824,0,110,633,0,7525,1530,52,4,0,0,0,0,110,285,159,520916
train_real_compilable,file53.jsonl,2101,196,1784,0,107,558,1,7801,1412,32,9,0,0,0,0,93,233,162,530936
train_real_compilable,file54.jsonl,1112,120,907,0,52,266,0,3896,800,6,2,0,0,0,0,61,175,162,536016
train_real_compilable,file55.jsonl,2173,197,1871,0,94,607,0,7414,1260,101,8,0,0,0,0,99,270,163,546025
train_real_compilable,file56.jsonl,2197,230,1845,0,103,629,1,7830,1358,85,2,0,0,0,0,109,300,165,556040
train_real_compilable,file57.jsonl,2171,229,1806,0,135,553,0,7618,1444,55,5,0,0,0,0,95,341,170,566060
train_real_compilable,file58.jsonl,2096,193,1764,0,111,548,0,8299,1346,51,5,0,0,0,0,126,356,172,576076
train_real_compilable,file59.jsonl,2135,231,1830,0,117,542,0,7217,1436,63,3,0,0,0,0,135,443,174,586096
train_real_compilable,file60.jsonl,2229,208,1921,0,88,603,0,7888,1428,85,7,0,0,0,0,122,337,175,596113
train_real_compilable,file61.jsonl,2114,213,1773,0,91,627,0,7760,1287,72,7,0,0,0,0,89,300,179,606131
train_real_compilable,file62.jsonl,2097,203,1786,0,107,625,0,8426,1552,87,5,0,2,0,0,144,359,182,616157
train_real_compilable,file63.jsonl,2176,193,1855,0,101,574,0,7870,1517,74,5,0,0,0,0,93,243,185,626172
train_real_compilable,file64.jsonl,2231,220,1847,0,106,628,0,8131,1500,91,5,0,0,0,0,98,264,187,636191
train_real_compilable,file65.jsonl,2094,229,1755,0,119,544,0,7018,1984,62,8,0,0,0,0,137,287,189,646207
train_real_compilable,file66.jsonl,2085,183,1774,0,91,637,0,8354,1649,79,5,0,0,0,0,117,271,192,656216
train_real_compilable,file67.jsonl,2221,220,1902,0,121,592,0,7780,1511,45,8,0,0,0,0,104,387,195,666227
train_real_compilable,file68.jsonl,2268,243,1907,0,93,644,0,7731,1349,61,3,0,0,0,0,98,265,198,676248
train_real_compilable,file69.jsonl,2273,251,1977,0,97,587,0,7240,1397,57,3,0,0,0,0,160,349,204,686265
train_real_compilable,file70.jsonl,2171,220,1844,0,137,727,0,7981,1472,50,7,0,0,0,0,115,257,206,696281
train_real_compilable,file71.jsonl,2203,234,1837,0,125,769,0,7778,1372,52,4,0,0,0,0,84,295,210,706301
train_real_compilable,file72.jsonl,2164,219,1861,0,99,552,0,8516,1489,63,2,0,0,0,0,130,362,212,716318
train_real_compilable,file73.jsonl,2050,199,1767,0,117,657,1,7273,1818,14,8,0,0,0,0,98,261,213,726330
train_real_compilable,file74.jsonl,2253,214,1914,0,100,575,0,7869,1546,54,8,0,4,0,0,112,322,214,736348
train_real_compilable,file75.jsonl,2114,199,1764,0,101,618,0,8046,1500,54,4,0,0,0,0,125,388,220,746368
train_real_compilable,file76.jsonl,1992,203,1710,0,109,536,1,7900,1368,41,3,0,0,0,0,97,288,222,756388
train_real_compilable,file77.jsonl,2133,223,1835,0,88,558,1,8492,1421,40,7,0,0,0,0,117,309,224,766406
train_real_compilable,file78.jsonl,2147,206,1815,0,102,668,0,8185,1369,41,3,0,0,0,0,172,326,227,776426
train_real_compilable,file79.jsonl,2048,198,1764,0,105,591,0,7720,1382,45,6,0,0,0,0,146,342,232,786443
train_real_compilable,file80.jsonl,2116,229,1756,0,119,526,0,8197,1401,51,6,0,0,0,0,125,335,234,796454
train_real_compilable,file81.jsonl,2093,224,1759,0,99,564,0,8318,1464,49,10,0,4,0,0,90,305,235,806465
train_real_compilable,file82.jsonl,2152,227,1842,0,114,517,0,8405,2174,50,5,0,0,0,0,129,278,238,816477
train_real_compilable,file83.jsonl,2151,189,1830,0,102,613,0,7563,1480,25,7,0,0,0,0,108,253,240,826491
train_real_compilable,file84.jsonl,2139,184,1804,0,124,610,0,8673,1387,51,8,0,0,0,0,112,338,241,836498
train_real_compilable,file85.jsonl,2093,224,1772,0,98,681,0,7324,1439,42,4,0,0,0,0,110,296,243,846515
train_real_compilable,file86.jsonl,2082,197,1771,0,102,600,0,8105,1432,65,4,0,0,0,0,73,321,246,856539
train_real_compilable,file87.jsonl,2165,236,1845,0,111,615,0,8264,1344,36,5,0,0,0,0,126,340,249,866554
train_real_compilable,file88.jsonl,2239,203,1922,0,114,573,0,7387,1448,63,7,0,0,0,0,89,947,253,876572
train_real_compilable,file89.jsonl,2197,244,1828,0,107,605,0,7832,1282,47,9,0,0,0,0,98,212,255,886582
,,,,,,,,,,,,,,,,,,,,
train_real_simple_io,file1.jsonl,1874,6,1631,0,0,23,0,128774,693,850,6,0,0,0,0,13,75,71,10370
train_real_simple_io,file2.jsonl,1758,8,1570,0,0,20,0,128833,695,704,7,0,0,0,0,16,78,125,20737
train_real_simple_io,file3.jsonl,1831,10,1603,0,0,16,0,128866,629,793,6,0,0,0,0,12,78,182,31077
train_real_simple_io,file4.jsonl,523,2,460,0,0,8,0,35706,221,242,2,0,0,0,0,2,24,191,33949
train_real_simple_io,file5.jsonl,1826,4,1612,0,0,18,0,128852,655,792,7,0,0,0,0,44,100,245,44260
,,,,,,,,,,,,,,,,,,,,
train_synth_compilable,file1.jsonl,1283,94,1152,0,18,80,0,443,598,0,1,0,0,0,0,65,62,0,10000
train_synth_compilable,file2.jsonl,1270,92,1133,0,20,76,0,417,595,2,3,0,0,0,0,43,99,1,20001
train_synth_compilable,file3.jsonl,1361,115,1249,0,15,50,0,346,603,4,4,0,0,0,0,77,79,1,30002
train_synth_compilable,file4.jsonl,1337,111,1207,0,16,75,0,393,606,1,5,0,0,0,0,55,106,2,40003
train_synth_compilable,file5.jsonl,1333,95,1185,0,30,88,1,587,571,4,7,0,0,0,0,43,120,3,50005
train_synth_compilable,file6.jsonl,1347,96,1209,0,23,85,0,546,540,1,3,0,0,0,0,70,98,3,60005
train_synth_compilable,file7.jsonl,1325,86,1213,0,20,89,0,640,568,1,4,0,0,0,0,67,112,4,70009
train_synth_compilable,file8.jsonl,1336,112,1224,0,22,76,0,468,550,1,3,0,0,0,0,49,103,5,80010
train_synth_compilable,file9.jsonl,1293,101,1174,0,18,87,0,515,614,2,3,0,0,0,0,68,97,5,90013
train_synth_compilable,file10.jsonl,1329,95,1183,0,28,101,0,432,540,3,6,0,0,0,0,60,106,5,100013
train_synth_compilable,file11.jsonl,1364,98,1216,0,22,62,0,604,568,8,7,0,0,0,0,60,109,5,110013
train_synth_compilable,file12.jsonl,1379,94,1253,0,28,82,0,390,607,19,5,0,0,0,0,48,75,5,120013
train_synth_compilable,file13.jsonl,1374,97,1248,0,20,96,0,561,775,1,4,0,0,0,0,63,69,5,130014
train_synth_compilable,file14.jsonl,1350,88,1235,0,23,65,0,581,538,7,6,0,0,0,0,52,128,6,140016
train_synth_compilable,file15.jsonl,1344,119,1194,0,24,83,0,465,606,3,2,0,0,0,0,71,82,6,150016
train_synth_compilable,file16.jsonl,1241,77,1140,0,11,63,0,379,592,0,5,0,0,0,0,49,92,6,160017
train_synth_compilable,file17.jsonl,1376,121,1247,0,23,85,0,422,600,2,2,0,0,0,0,70,85,6,170017
train_synth_compilable,file18.jsonl,1344,98,1221,0,23,76,0,554,555,2,2,0,0,0,0,47,75,6,180018
train_synth_compilable,file19.jsonl,1327,92,1208,0,21,73,0,490,594,6,10,0,0,0,0,61,80,6,190018
train_synth_compilable,file20.jsonl,1311,108,1178,0,18,106,0,325,615,5,5,0,0,0,0,63,104,6,200019
train_synth_compilable,file21.jsonl,1309,94,1189,0,18,84,0,451,593,2,3,0,0,0,0,60,116,6,210019
train_synth_compilable,file22.jsonl,1418,117,1272,0,19,71,0,559,621,7,8,0,0,0,0,62,69,7,220020
train_synth_compilable,file23.jsonl,1347,124,1222,0,17,52,0,492,517,0,3,0,0,0,0,67,66,7,230021
train_synth_compilable,file24.jsonl,1305,120,1169,0,14,89,0,433,601,5,7,0,0,0,0,56,92,8,240022
train_synth_compilable,file25.jsonl,1357,99,1223,0,18,83,0,594,560,3,8,0,0,0,0,50,100,8,250023
train_synth_compilable,file26.jsonl,1409,106,1261,0,28,74,0,458,539,3,6,0,0,0,0,49,94,8,260023
train_synth_compilable,file27.jsonl,1279,98,1163,0,11,89,0,489,602,5,3,0,0,0,0,69,97,8,270024
train_synth_compilable,file28.jsonl,1261,97,1111,0,24,59,0,331,539,2,4,0,0,0,0,58,100,8,280025
train_synth_compilable,file29.jsonl,1251,98,1142,0,18,87,0,406,615,2,4,0,0,0,0,65,128,10,290027
train_synth_compilable,file30.jsonl,1353,131,1242,0,13,68,1,401,584,0,2,0,0,0,0,65,123,10,300031
train_synth_compilable,file31.jsonl,1289,107,1157,0,21,91,0,470,584,0,4,0,0,0,0,49,97,10,310032
train_synth_compilable,file32.jsonl,1241,94,1133,0,23,76,0,307,543,1,3,0,0,0,0,68,111,10,320032
train_synth_compilable,file33.jsonl,1352,101,1222,0,19,97,0,478,630,5,8,0,0,0,0,52,95,11,330034
train_synth_compilable,file34.jsonl,1413,108,1299,0,22,104,0,484,633,5,6,0,0,0,0,64,114,11,340034
train_synth_compilable,file35.jsonl,1404,109,1282,0,19,76,0,497,623,4,3,0,0,0,0,56,69,13,350036
train_synth_compilable,file36.jsonl,1351,84,1225,0,17,85,0,407,851,0,2,0,0,0,0,49,93,13,360037
train_synth_compilable,file37.jsonl,1309,104,1193,0,15,85,0,453,603,1,3,0,0,0,0,55,107,15,370039
train_synth_compilable,file38.jsonl,1237,95,1120,0,24,81,0,579,619,1,4,0,0,0,0,75,71,15,380039
train_synth_compilable,file39.jsonl,1327,140,1212,0,20,76,0,577,533,1,1,0,0,0,0,42,89,15,390041
train_synth_compilable,file40.jsonl,1393,81,1262,0,29,77,0,501,566,4,7,0,0,0,0,43,109,15,400041
train_synth_compilable,file41.jsonl,1411,128,1307,0,21,88,0,475,707,1,3,0,0,0,0,45,82,16,410042
train_synth_compilable,file42.jsonl,1350,120,1249,0,15,95,0,543,534,1,4,0,0,0,0,72,66,19,420047
train_synth_compilable,file43.jsonl,1392,100,1258,0,12,90,0,625,569,2,4,0,0,0,0,62,96,19,430047
train_synth_compilable,file44.jsonl,1313,98,1184,0,26,69,0,558,593,0,4,0,0,0,0,53,111,21,440050
train_synth_compilable,file45.jsonl,1351,99,1206,0,13,77,0,579,587,8,7,0,0,0,0,64,107,23,450052
train_synth_compilable,file46.jsonl,1313,95,1171,0,24,74,0,427,524,5,7,0,0,0,0,56,63,23,460053
train_synth_compilable,file47.jsonl,1358,116,1237,0,19,58,0,543,591,8,3,0,0,0,0,72,87,24,470055
train_synth_compilable,file48.jsonl,1277,83,1145,0,26,98,0,375,577,4,2,0,0,0,0,60,85,24,480057
train_synth_compilable,file49.jsonl,1387,94,1273,0,21,81,0,475,532,11,2,0,0,0,0,44,76,24,490057
train_synth_compilable,file50.jsonl,1379,115,1239,0,19,92,0,649,578,11,4,0,0,0,0,64,88,24,500058
train_synth_compilable,file51.jsonl,1340,97,1205,0,22,91,0,442,584,0,5,0,0,0,0,51,112,24,510058
train_synth_compilable,file52.jsonl,1406,100,1292,0,28,73,0,460,536,4,3,0,0,0,0,69,118,24,520059
train_synth_compilable,file53.jsonl,1194,99,1080,0,23,75,0,508,1099,8,3,0,0,0,0,64,113,25,530061
train_synth_compilable,file54.jsonl,1308,98,1176,0,24,102,0,766,524,3,3,0,0,0,0,43,69,25,540062
train_synth_compilable,file55.jsonl,1391,106,1238,0,24,74,0,417,533,4,3,0,0,0,0,58,93,26,550064
train_synth_compilable,file56.jsonl,1286,98,1167,0,18,69,0,430,637,4,2,0,0,0,0,60,94,26,560064
train_synth_compilable,file57.jsonl,1340,109,1211,0,18,91,0,503,753,14,4,0,0,0,0,54,73,27,570065
train_synth_compilable,file58.jsonl,1253,113,1145,0,22,119,0,516,575,2,3,0,0,0,0,69,77,27,580066
train_synth_compilable,file59.jsonl,1296,93,1183,0,25,68,0,470,574,10,1,0,0,0,0,59,126,27,590067
train_synth_compilable,file60.jsonl,1344,104,1220,0,18,100,0,553,611,4,7,0,0,0,0,62,89,28,600068
train_synth_compilable,file61.jsonl,1371,92,1247,0,26,90,0,461,597,1,7,0,0,0,0,55,62,28,610069
train_synth_compilable,file62.jsonl,1269,101,1161,0,11,54,0,307,539,2,4,0,0,0,0,53,68,28,620069
train_synth_compilable,file63.jsonl,1318,97,1206,0,21,67,0,611,574,9,4,0,0,0,0,67,132,28,630069
train_synth_compilable,file64.jsonl,1296,117,1169,0,15,57,0,418,571,2,5,0,0,0,0,68,140,30,640071
train_synth_compilable,file65.jsonl,1393,116,1252,0,20,83,0,451,630,2,4,0,0,0,0,45,105,30,650071
train_synth_compilable,file66.jsonl,1257,80,1153,0,15,82,0,582,617,1,4,0,0,0,0,63,87,30,660072
train_synth_compilable,file67.jsonl,1316,94,1186,0,20,78,0,445,536,1,6,0,0,0,0,57,83,31,670073
train_synth_compilable,file68.jsonl,1330,94,1191,0,23,79,0,396,557,0,6,0,0,0,0,57,89,31,680074
train_synth_compilable,file69.jsonl,1311,95,1182,0,20,86,0,467,513,1,7,0,0,0,0,48,94,31,690076
train_synth_compilable,file70.jsonl,1344,99,1213,0,20,83,0,512,580,6,5,0,0,0,0,37,86,32,700078
train_synth_compilable,file71.jsonl,1342,103,1228,0,25,75,0,506,614,3,4,0,0,0,0,83,92,32,710079
train_synth_compilable,file72.jsonl,1366,89,1222,0,25,55,0,601,563,0,5,0,0,0,0,48,91,32,720079
train_synth_compilable,file73.jsonl,1287,110,1171,0,18,83,0,366,577,8,4,0,0,0,0,65,71,32,730080
train_synth_compilable,file74.jsonl,1335,90,1206,0,19,144,0,581,558,2,3,0,0,0,0,58,102,32,740080
train_synth_compilable,file75.jsonl,1316,90,1180,0,18,72,0,467,627,4,5,0,0,0,0,51,92,33,750084
train_synth_compilable,file76.jsonl,1350,99,1216,0,22,99,0,548,601,1,4,0,0,0,0,71,84,33,760084
train_synth_compilable,file77.jsonl,1403,111,1286,0,15,97,0,440,726,0,1,0,0,0,0,47,92,33,770084
train_synth_compilable,file78.jsonl,1305,106,1204,0,22,78,0,596,544,2,3,0,0,0,0,59,128,33,780085
train_synth_compilable,file79.jsonl,1200,82,1067,0,17,85,0,384,591,1,4,0,0,0,0,71,130,34,790087
train_synth_compilable,file80.jsonl,1317,96,1182,0,21,83,0,515,583,0,3,0,0,0,0,63,82,34,800087
train_synth_compilable,file81.jsonl,1362,94,1235,0,20,77,0,519,754,0,7,0,0,0,0,65,98,34,810088
train_synth_compilable,file82.jsonl,1376,97,1264,0,27,71,0,459,582,1,6,0,0,0,0,71,97,35,820090
train_synth_compilable,file83.jsonl,1355,99,1247,0,19,88,0,491,539,11,2,0,0,0,0,54,106,38,830093
train_synth_compilable,file84.jsonl,1351,97,1230,0,21,98,0,526,717,0,11,0,0,0,0,51,73,38,840093
train_synth_compilable,file85.jsonl,1336,102,1207,0,25,78,0,536,609,1,6,0,0,0,0,69,144,39,850094
train_synth_compilable,file86.jsonl,1310,100,1206,0,17,76,0,361,589,5,2,0,0,0,0,54,100,39,860094
train_synth_compilable,file87.jsonl,1311,108,1194,0,14,93,0,482,559,2,6,0,0,0,0,53,100,39,870095
train_synth_compilable,file88.jsonl,1352,110,1221,0,27,82,0,399,579,2,5,0,0,0,0,48,91,40,880097
train_synth_compilable,file89.jsonl,1403,121,1278,0,17,74,0,451,712,6,3,0,0,0,0,65,88,41,890098
train_synth_compilable,file90.jsonl,1300,83,1168,0,16,65,0,405,575,1,2,0,0,0,0,51,137,41,900098
train_synth_compilable,file91.jsonl,1424,124,1279,0,29,67,0,395,601,1,5,0,0,0,0,52,63,41,910099
train_synth_compilable,file92.jsonl,1378,116,1228,0,26,88,0,626,584,2,9,0,0,0,0,61,119,41,920099
train_synth_compilable,file93.jsonl,1395,108,1266,0,23,65,0,418,571,2,2,0,0,0,0,52,56,41,930099
train_synth_compilable,file94.jsonl,1328,104,1201,0,21,89,0,556,495,2,7,0,0,0,0,50,92,41,940099
train_synth_compilable,file95.jsonl,1431,124,1283,0,27,69,0,459,563,1,4,0,0,0,0,37,101,42,950100
train_synth_compilable,file96.jsonl,1309,102,1191,0,17,94,0,345,564,1,5,0,0,0,0,61,93,42,960100
train_synth_compilable,file97.jsonl,1341,86,1217,0,17,84,0,468,541,5,7,0,0,0,0,58,123,42,970100
train_synth_compilable,file98.jsonl,1303,110,1150,0,15,94,0,461,548,3,3,0,0,0,0,76,72,42,980100
train_synth_compilable,file99.jsonl,1307,94,1185,0,20,81,0,535,491,4,2,0,0,0,0,65,131,42,990103
train_synth_compilable,file100.jsonl,1328,103,1229,0,13,55,0,408,614,1,6,0,0,0,0,46,82,43,1000105
train_synth_compilable,file101.jsonl,1355,103,1228,0,18,66,0,468,743,0,1,0,0,0,0,71,76,44,1010108
train_synth_compilable,file102.jsonl,1384,125,1249,0,29,62,0,380,561,3,8,0,0,0,0,66,98,44,1020109
train_synth_compilable,file103.jsonl,1359,110,1221,0,22,95,0,469,609,2,3,0,0,0,0,62,83,44,1030109
train_synth_compilable,file104.jsonl,1464,116,1313,0,22,75,0,514,585,5,8,0,0,0,0,45,54,44,1040110
train_synth_compilable,file105.jsonl,1330,106,1220,0,21,102,0,298,572,1,3,0,0,0,0,37,122,44,1050110
train_synth_compilable,file106.jsonl,1313,88,1175,0,27,95,0,506,617,5,5,0,0,0,0,51,86,44,1060111
train_synth_compilable,file107.jsonl,1306,86,1171,0,24,79,0,534,640,2,1,0,0,0,0,57,119,46,1070114
train_synth_compilable,file108.jsonl,1310,110,1193,0,21,66,0,394,524,2,2,0,0,0,0,55,93,48,1080116
train_synth_compilable,file109.jsonl,1309,105,1180,0,18,71,0,432,587,0,0,0,0,0,0,55,168,50,1090118
train_synth_compilable,file110.jsonl,1476,125,1333,0,15,80,0,351,509,0,6,0,0,0,0,64,91,50,1100119
train_synth_compilable,file111.jsonl,1339,126,1220,0,16,78,0,425,603,1,3,0,0,0,0,72,119,52,1110121
train_synth_compilable,file112.jsonl,1313,108,1187,0,20,84,0,516,617,1,4,0,0,0,0,69,84,52,1120122
train_synth_compilable,file113.jsonl,1418,118,1279,0,18,64,0,634,633,2,4,0,0,0,0,64,115,53,1130123
train_synth_compilable,file114.jsonl,1256,112,1142,0,19,95,0,386,616,1,8,0,0,0,0,50,82,53,1140124
train_synth_compilable,file115.jsonl,1371,96,1242,0,11,86,0,474,634,1,4,0,0,0,0,55,126,53,1150125
train_synth_compilable,file116.jsonl,1443,123,1297,0,19,94,0,402,656,6,3,0,0,0,0,51,74,53,1160125
train_synth_compilable,file117.jsonl,1289,105,1181,0,25,71,0,418,579,2,1,0,0,0,0,67,103,54,1170127
train_synth_compilable,file118.jsonl,1366,118,1217,0,22,85,0,463,562,5,1,0,0,0,0,52,70,54,1180128
train_synth_compilable,file119.jsonl,1341,124,1184,0,21,114,0,483,548,2,5,0,0,0,0,59,114,54,1190131
train_synth_compilable,file120.jsonl,1356,88,1204,0,22,91,0,507,555,4,5,0,0,0,0,47,100,54,1200133
train_synth_compilable,file121.jsonl,1384,108,1271,0,17,88,0,373,574,1,4,0,0,0,0,70,105,54,1210134
train_synth_compilable,file122.jsonl,1281,103,1170,0,18,79,0,378,597,4,4,0,0,0,0,53,107,55,1220136
train_synth_compilable,file123.jsonl,1382,100,1244,0,20,86,0,442,580,1,3,0,0,0,0,35,116,55,1230136
train_synth_compilable,file124.jsonl,1410,102,1266,0,26,83,0,518,527,1,5,0,0,0,0,51,65,55,1240137
train_synth_compilable,file125.jsonl,1218,78,1126,0,13,88,0,452,616,1,6,0,0,0,0,56,70,55,1250137
train_synth_compilable,file126.jsonl,1277,98,1176,0,20,82,0,405,556,0,2,0,0,0,0,56,83,55,1260137
train_synth_compilable,file127.jsonl,1315,101,1183,0,23,74,1,582,611,0,4,0,0,0,0,46,117,55,1270138
train_synth_compilable,file128.jsonl,1357,115,1235,0,22,81,0,627,628,0,3,0,0,0,0,51,104,56,1280139
train_synth_compilable,file129.jsonl,1315,81,1181,0,24,96,0,510,659,1,7,0,0,0,0,49,90,56,1290139
train_synth_compilable,file130.jsonl,1365,99,1211,0,25,64,0,316,611,4,6,0,0,0,0,62,89,56,1300139
train_synth_compilable,file131.jsonl,1297,90,1206,0,23,76,0,483,583,0,5,0,0,0,0,58,120,56,1310140
train_synth_compilable,file132.jsonl,1334,99,1193,0,17,101,0,504,565,5,2,0,0,0,0,58,91,57,1320141
train_synth_compilable,file133.jsonl,1397,115,1281,0,19,72,0,367,586,10,3,0,0,0,0,58,94,57,1330141
train_synth_compilable,file134.jsonl,1341,91,1220,0,19,89,0,713,559,4,6,0,0,0,0,61,87,57,1340143
train_synth_compilable,file135.jsonl,1326,80,1212,0,18,77,0,542,636,0,4,0,0,0,0,48,92,58,1350147
train_synth_compilable,file136.jsonl,1288,118,1167,0,24,65,0,381,643,0,3,0,0,0,0,56,82,58,1360147
train_synth_compilable,file137.jsonl,1300,114,1184,0,27,76,0,529,853,9,6,0,0,0,0,57,89,59,1370148
train_synth_compilable,file138.jsonl,1276,103,1157,0,24,84,0,463,632,2,5,0,0,0,0,52,94,59,1380148
train_synth_compilable,file139.jsonl,1330,98,1184,0,25,67,0,345,635,2,6,0,0,0,0,43,104,59,1390148
train_synth_compilable,file140.jsonl,1377,99,1256,0,17,71,0,523,570,3,5,0,0,0,0,51,86,59,1400148
train_synth_compilable,file141.jsonl,1209,85,1096,0,23,95,0,445,621,2,3,0,0,0,0,45,88,60,1410151
train_synth_compilable,file142.jsonl,1459,118,1313,0,17,89,0,514,542,2,1,0,0,0,0,51,99,61,1420153
train_synth_compilable,file143.jsonl,1371,113,1243,0,21,79,0,473,678,4,7,0,0,0,0,41,70,61,1430153
train_synth_compilable,file144.jsonl,1289,88,1159,0,9,69,0,408,569,0,3,0,0,0,0,41,84,61,1440153
train_synth_compilable,file145.jsonl,1366,103,1230,0,19,77,0,469,552,2,2,0,0,0,0,58,99,61,1450154
train_synth_compilable,file146.jsonl,1332,103,1196,0,14,85,0,462,609,2,7,0,0,0,0,60,120,61,1460155
train_synth_compilable,file147.jsonl,1391,120,1241,0,19,87,0,455,585,2,6,0,0,0,0,60,100,62,1470156
train_synth_compilable,file148.jsonl,1278,93,1158,0,22,98,0,400,660,7,2,0,0,0,0,50,106,62,1480156
train_synth_compilable,file149.jsonl,1431,120,1288,0,24,105,0,449,557,1,4,0,0,0,0,56,143,62,1490157
train_synth_compilable,file150.jsonl,1358,102,1234,0,15,56,0,534,531,0,4,0,0,0,0,54,100,62,1500158
train_synth_compilable,file151.jsonl,1355,125,1224,0,26,68,0,450,560,5,3,0,0,0,0,63,141,62,1510159
train_synth_compilable,file152.jsonl,1287,96,1176,0,17,77,0,414,618,2,2,0,0,0,0,50,79,62,1520160
train_synth_compilable,file153.jsonl,1242,88,1123,0,15,77,0,436,573,6,1,0,0,0,0,56,75,62,1530160
train_synth_compilable,file154.jsonl,1327,100,1194,0,24,115,0,456,597,4,7,0,0,0,0,81,77,62,1540160
train_synth_compilable,file155.jsonl,1259,111,1142,0,22,66,0,429,793,0,5,0,0,0,0,67,65,62,1550160
train_synth_compilable,file156.jsonl,1337,94,1205,0,28,62,0,553,554,2,3,0,0,0,0,55,97,62,1560161
train_synth_compilable,file157.jsonl,1349,102,1229,0,17,59,0,490,585,9,1,0,0,0,0,80,73,62,1570161
train_synth_compilable,file158.jsonl,1356,101,1207,0,23,87,0,480,546,7,4,0,0,0,0,67,94,63,1580163
train_synth_compilable,file159.jsonl,1355,106,1229,0,17,101,0,462,558,4,3,0,0,0,0,55,130,63,1590163
train_synth_compilable,file160.jsonl,1397,106,1279,0,16,86,0,439,584,5,5,0,0,0,0,71,112,64,1600164
train_synth_compilable,file161.jsonl,1358,105,1235,0,31,92,0,417,620,2,2,0,0,0,0,54,120,67,1610168
train_synth_compilable,file162.jsonl,1339,91,1200,0,29,102,1,429,561,3,2,0,2,0,0,49,95,69,1620170
train_synth_compilable,file163.jsonl,1430,121,1283,0,20,88,0,414,832,2,2,0,0,0,0,67,140,69,1630170
train_synth_compilable,file164.jsonl,1338,88,1229,0,12,66,0,388,466,3,2,0,0,0,0,69,102,70,1640171
train_synth_compilable,file165.jsonl,1206,112,1076,0,19,65,0,319,543,5,1,0,0,0,0,57,129,70,1649544
train_synth_compilable,file166.jsonl,1418,106,1254,0,22,67,0,437,636,4,5,0,0,0,0,76,108,70,1659544
train_synth_compilable,file167.jsonl,1346,125,1211,0,26,68,0,444,557,8,2,0,0,0,0,44,99,71,1669546
train_synth_compilable,file168.jsonl,1347,106,1218,0,18,94,0,450,608,0,5,0,0,0,0,78,65,71,1679546
train_synth_compilable,file169.jsonl,1360,127,1223,0,23,68,0,439,509,1,3,0,0,0,0,43,84,72,1689548
train_synth_compilable,file170.jsonl,1346,105,1217,0,17,98,0,540,598,2,5,0,0,0,0,76,95,72,1699548
train_synth_compilable,file171.jsonl,1393,99,1246,0,28,79,0,363,624,2,2,0,0,0,0,61,78,72,1709548
train_synth_compilable,file172.jsonl,1321,96,1197,0,15,76,0,351,567,5,5,0,0,0,0,44,72,73,1719549
train_synth_compilable,file173.jsonl,1444,136,1276,0,24,93,0,445,610,3,6,0,0,0,0,49,117,73,1729550
train_synth_compilable,file174.jsonl,1347,101,1218,0,24,99,0,452,589,10,2,0,0,0,0,57,127,73,1739552
train_synth_compilable,file175.jsonl,1341,96,1238,0,11,75,0,411,603,2,4,0,0,0,0,64,137,74,1749553
train_synth_compilable,file176.jsonl,1417,128,1285,0,20,91,0,357,633,8,7,0,0,0,0,58,81,74,1759553
train_synth_compilable,file177.jsonl,1284,98,1145,0,27,82,0,474,528,1,7,0,0,0,0,64,111,75,1769554
train_synth_compilable,file178.jsonl,1308,96,1191,0,30,64,0,432,599,3,3,0,0,0,0,56,132,75,1779554
train_synth_compilable,file179.jsonl,1414,115,1268,0,28,88,0,496,545,6,1,0,0,0,0,53,73,75,1789554
train_synth_compilable,file180.jsonl,1378,102,1252,0,24,97,0,502,591,3,5,0,0,0,0,43,76,75,1799554
train_synth_compilable,file181.jsonl,1283,108,1152,0,20,94,0,542,557,2,4,0,0,0,0,45,59,76,1809557
train_synth_compilable,file182.jsonl,1409,115,1272,0,22,68,0,430,517,2,4,0,0,0,0,31,107,76,1819558
train_synth_compilable,file183.jsonl,1378,97,1239,0,19,77,0,389,491,12,3,0,0,0,0,52,137,78,1829560
train_synth_compilable,file184.jsonl,1246,105,1150,0,12,102,0,493,624,1,4,0,0,0,0,55,138,79,1839562
train_synth_compilable,file185.jsonl,1247,111,1094,0,18,68,0,430,569,2,7,0,0,0,0,49,65,80,1849564
train_synth_compilable,file186.jsonl,1384,121,1270,0,31,64,0,516,573,3,1,0,0,0,0,49,92,80,1859567
train_synth_compilable,file187.jsonl,1371,105,1225,0,21,85,0,503,566,4,4,0,0,0,0,54,79,80,1869568
train_synth_compilable,file188.jsonl,1250,99,1124,0,12,70,0,370,571,1,4,0,0,0,0,51,86,81,1879570
train_synth_compilable,file189.jsonl,1347,123,1222,0,20,91,0,651,551,1,2,0,0,0,0,37,145,82,1889571
train_synth_compilable,file190.jsonl,1380,128,1258,0,23,74,0,600,562,1,4,0,0,0,0,43,80,82,1899572
train_synth_compilable,file191.jsonl,1397,100,1263,0,34,84,0,534,665,3,1,0,0,0,0,53,84,82,1909572
train_synth_compilable,file192.jsonl,1286,106,1166,0,17,71,0,528,565,1,8,0,0,0,0,55,88,82,1919572
train_synth_compilable,file193.jsonl,1356,101,1181,0,22,96,0,515,503,0,10,0,0,0,0,63,102,82,1929572
train_synth_compilable,file194.jsonl,1365,107,1231,0,26,88,0,435,602,1,3,0,0,0,0,72,68,82,1939573
train_synth_compilable,file195.jsonl,1254,94,1133,0,27,92,0,361,618,6,4,0,0,0,0,54,87,82,1949573
train_synth_compilable,file196.jsonl,1303,97,1183,0,23,57,0,482,622,4,4,0,0,0,0,81,91,83,1959574
train_synth_compilable,file197.jsonl,1257,102,1131,0,25,81,0,464,530,2,5,0,0,0,0,49,75,84,1969575
train_synth_compilable,file198.jsonl,1280,100,1147,0,24,89,0,533,654,2,6,0,0,0,0,85,184,86,1979577
train_synth_compilable,file199.jsonl,1304,87,1184,0,22,91,0,399,565,3,2,0,0,0,0,58,99,87,1989579
train_synth_compilable,file200.jsonl,1258,98,1139,0,22,97,0,598,622,3,2,0,0,0,0,50,108,87,1999579
train_synth_compilable,file201.jsonl,1340,99,1221,0,19,75,0,390,596,0,4,0,0,0,0,46,88,87,2009579
train_synth_compilable,file202.jsonl,1394,98,1262,0,18,90,0,518,511,2,3,0,0,0,0,64,105,87,2019579
train_synth_compilable,file203.jsonl,1361,92,1227,0,29,104,0,524,565,19,4,0,0,0,0,67,138,87,2029579
train_synth_compilable,file204.jsonl,1381,113,1236,0,18,102,0,396,560,4,5,0,0,0,0,52,95,87,2039582
train_synth_compilable,file205.jsonl,1270,97,1152,0,22,100,0,443,552,3,5,0,0,0,0,54,117,87,2049582
train_synth_compilable,file206.jsonl,1337,107,1221,0,11,81,0,470,772,2,6,0,0,0,0,51,109,87,2059582
train_synth_compilable,file207.jsonl,1357,111,1227,0,19,78,0,461,586,0,5,0,0,0,0,60,121,87,2069584
train_synth_compilable,file208.jsonl,1290,107,1147,0,22,100,0,402,647,1,4,0,0,0,0,57,74,87,2079584
train_synth_compilable,file209.jsonl,1334,106,1219,0,16,94,0,404,519,6,3,0,0,0,0,49,66,87,2089585
train_synth_compilable,file210.jsonl,1325,92,1214,0,20,80,0,454,609,2,9,0,0,0,0,50,67,87,2099587
train_synth_compilable,file211.jsonl,1401,96,1274,0,22,103,0,635,608,5,8,0,0,0,0,63,119,89,2109589
train_synth_compilable,file212.jsonl,1327,91,1203,0,19,74,0,496,629,5,5,0,0,0,0,55,125,89,2119589
train_synth_compilable,file213.jsonl,1302,104,1198,0,24,81,0,374,553,1,4,0,0,0,0,70,89,90,2129590
train_synth_compilable,file214.jsonl,1312,119,1186,0,15,75,0,450,577,3,7,0,0,0,0,53,111,90,2139591
train_synth_compilable,file215.jsonl,1375,99,1245,0,23,114,0,506,634,2,4,0,0,0,0,50,110,90,2149591
train_synth_compilable,file216.jsonl,1313,95,1160,0,25,62,0,530,611,5,4,0,0,0,0,62,110,91,2159594
train_synth_compilable,file217.jsonl,1330,104,1190,0,14,72,0,471,725,0,6,0,0,0,0,57,113,91,2169596
train_synth_compilable,file219.jsonl,1349,100,1214,0,17,73,0,387,848,1,2,0,0,0,0,60,90,0,10000
train_synth_compilable,file220.jsonl,1318,99,1213,0,21,53,0,502,557,0,3,0,0,0,0,39,70,0,20000
train_synth_compilable,file221.jsonl,1388,109,1280,0,22,94,0,434,572,10,4,0,0,0,0,70,89,0,30000
train_synth_compilable,file222.jsonl,1377,92,1253,0,24,75,0,437,764,6,6,0,0,0,0,51,95,0,40000
train_synth_compilable,file223.jsonl,1333,97,1206,0,24,71,0,609,587,10,5,0,0,0,0,55,50,0,50001
train_synth_compilable,file224.jsonl,1348,129,1224,0,22,113,0,579,614,0,7,0,0,0,0,54,101,0,60001
train_synth_compilable,file225.jsonl,1421,129,1302,0,23,63,0,535,506,4,2,0,0,0,0,68,101,1,70003
train_synth_compilable,file226.jsonl,1349,109,1207,0,25,90,0,407,569,1,7,0,0,0,0,55,72,2,80005
train_synth_compilable,file227.jsonl,1314,83,1204,0,18,74,0,466,567,13,4,0,0,0,0,58,53,2,90008
train_synth_compilable,file228.jsonl,1352,104,1221,0,21,63,0,487,631,2,3,0,0,0,0,56,68,3,100009
train_synth_compilable,file229.jsonl,1321,89,1193,0,14,83,0,455,579,3,3,0,0,0,0,57,84,6,110013
train_synth_compilable,file230.jsonl,1337,116,1200,0,21,81,0,342,521,2,2,0,0,0,0,60,101,7,120015
train_synth_compilable,file231.jsonl,1375,121,1242,0,19,78,0,613,583,1,3,0,0,0,0,66,77,8,130017
train_synth_compilable,file232.jsonl,1318,113,1213,0,19,81,0,449,640,1,4,0,0,0,0,47,74,8,140018
train_synth_compilable,file233.jsonl,1418,120,1302,0,20,90,0,599,714,8,3,0,0,0,0,61,98,8,150022
train_synth_compilable,file234.jsonl,1378,125,1250,0,37,82,0,588,585,3,6,0,0,0,0,37,79,8,160023
train_synth_compilable,file235.jsonl,1292,82,1184,0,17,91,0,515,525,1,2,0,0,0,0,54,132,10,170025
train_synth_compilable,file236.jsonl,1261,84,1131,0,16,92,1,385,631,2,8,0,0,0,0,55,92,10,180025
train_synth_compilable,file237.jsonl,1355,101,1230,0,11,76,0,458,518,1,4,0,0,0,0,49,76,10,190028
train_synth_compilable,file238.jsonl,1376,121,1260,0,19,83,1,532,569,0,5,0,0,0,0,81,107,10,200028
train_synth_compilable,file239.jsonl,1357,122,1226,0,20,74,0,366,544,2,6,0,0,0,0,54,58,10,210029
train_synth_compilable,file240.jsonl,1282,85,1170,0,15,131,0,481,641,0,2,0,0,0,0,41,110,10,220029
train_synth_compilable,file241.jsonl,1381,100,1265,0,24,87,0,385,653,4,3,0,0,0,0,60,74,12,230032
train_synth_compilable,file242.jsonl,1345,101,1239,0,15,80,0,367,578,0,0,0,0,0,0,71,136,12,240033
train_synth_compilable,file243.jsonl,1232,98,1128,0,18,72,0,427,574,5,7,0,0,0,0,70,112,12,250033
train_synth_compilable,file244.jsonl,1326,92,1220,0,17,81,0,390,537,0,6,0,0,0,0,51,108,12,260034
train_synth_compilable,file245.jsonl,1323,87,1195,0,27,80,0,385,608,5,2,0,0,0,0,59,99,12,270036
train_synth_compilable,file246.jsonl,1290,115,1161,0,20,92,0,414,593,1,4,0,0,0,0,52,76,12,280037
train_synth_compilable,file247.jsonl,1254,114,1121,0,16,98,0,448,616,6,7,0,0,0,0,64,65,12,290038
train_synth_compilable,file248.jsonl,1365,102,1232,0,24,69,0,464,558,3,5,0,0,0,0,49,103,12,300040
train_synth_compilable,file249.jsonl,1279,104,1147,0,22,58,0,358,631,0,4,0,0,0,0,52,104,12,310040
train_synth_compilable,file250.jsonl,1405,109,1289,0,22,78,0,401,559,0,6,0,0,0,0,65,156,13,320042
train_synth_compilable,file251.jsonl,1276,111,1167,0,18,63,0,460,569,4,4,0,0,0,0,65,67,15,330044
train_synth_compilable,file252.jsonl,1409,120,1265,0,15,84,0,393,539,1,8,0,0,0,0,41,103,15,340044
train_synth_compilable,file253.jsonl,1315,99,1214,0,15,86,0,450,564,1,6,0,0,0,0,43,49,15,350044
train_synth_compilable,file254.jsonl,1273,112,1155,0,17,72,0,450,569,0,5,0,0,0,0,63,75,15,360045
train_synth_compilable,file255.jsonl,1419,108,1292,0,20,89,0,375,557,2,2,0,0,0,0,35,95,15,370045
train_synth_compilable,file256.jsonl,1338,137,1211,0,20,77,0,492,569,2,2,0,0,0,0,50,137,16,380046
train_synth_compilable,file257.jsonl,1332,101,1189,0,18,101,0,512,551,2,6,0,0,0,0,54,106,16,390046
train_synth_compilable,file258.jsonl,1388,102,1260,0,28,72,0,527,626,3,5,0,0,0,0,51,49,16,400047
train_synth_compilable,file259.jsonl,1330,115,1207,0,19,121,0,502,567,0,4,0,0,0,0,60,83,16,410048
train_synth_compilable,file260.jsonl,1254,110,1143,0,17,82,0,467,597,2,4,0,0,0,0,39,108,16,420048
train_synth_compilable,file261.jsonl,1386,123,1238,0,25,68,0,427,604,6,6,0,0,0,0,54,79,16,430049
train_synth_compilable,file262.jsonl,1344,127,1222,0,24,63,0,526,544,0,1,0,0,0,0,71,71,17,440051
train_synth_compilable,file263.jsonl,1311,104,1190,0,20,106,0,467,593,4,6,0,0,0,0,52,98,17,450052
train_synth_compilable,file264.jsonl,1340,117,1205,0,18,96,0,515,628,0,2,0,0,0,0,60,86,17,460053
train_synth_compilable,file265.jsonl,1391,107,1255,0,12,93,0,427,642,1,4,0,0,0,0,55,133,17,470053
train_synth_compilable,file266.jsonl,1326,108,1202,0,26,91,0,501,559,2,2,0,0,0,0,58,69,18,480055
train_synth_compilable,file267.jsonl,1354,111,1233,0,14,89,0,517,599,3,4,0,0,0,0,33,133,20,490057
train_synth_compilable,file268.jsonl,1379,110,1250,0,29,99,0,538,580,12,1,0,0,0,0,61,99,20,500058
train_synth_compilable,file269.jsonl,1330,113,1163,0,21,60,0,597,616,2,7,0,0,0,0,68,71,20,510059
train_synth_compilable,file270.jsonl,1296,115,1174,0,21,63,0,565,518,9,2,0,0,0,0,47,79,20,520061
train_synth_compilable,file271.jsonl,1360,111,1231,0,12,63,0,482,544,7,5,0,0,0,0,88,97,20,530061
train_synth_compilable,file272.jsonl,1361,88,1224,0,15,59,0,383,545,9,2,0,0,0,0,45,85,20,540062
train_synth_compilable,file273.jsonl,1334,95,1225,0,19,81,0,432,539,1,3,0,0,0,0,68,94,20,550064
train_synth_compilable,file274.jsonl,1307,133,1179,0,21,83,0,393,536,3,4,0,0,0,0,52,78,20,560066
train_synth_compilable,file275.jsonl,1240,112,1127,0,19,66,0,480,544,4,3,0,0,0,0,62,69,20,570067
train_synth_compilable,file276.jsonl,1399,120,1257,0,20,83,0,542,587,2,4,0,0,0,0,44,94,20,580068
train_synth_compilable,file277.jsonl,1325,109,1213,0,24,95,0,531,538,3,3,0,0,0,0,59,100,21,590069
train_synth_compilable,file278.jsonl,1311,88,1186,0,16,89,0,390,534,1,4,0,0,0,0,66,81,22,600070
train_synth_compilable,file279.jsonl,1251,128,1123,0,18,98,0,501,558,1,2,0,0,0,0,78,67,22,610070
train_synth_compilable,file280.jsonl,1358,124,1208,0,17,80,0,405,562,3,1,0,0,0,0,44,111,22,620072
train_synth_compilable,file281.jsonl,1356,87,1226,0,21,101,0,488,567,0,2,0,0,0,0,62,56,23,630074
train_synth_compilable,file282.jsonl,1337,105,1211,0,19,98,0,511,577,0,4,0,0,0,0,53,103,23,640075
train_synth_compilable,file283.jsonl,1376,108,1249,0,30,88,0,506,582,11,2,0,0,0,0,49,83,23,650078
train_synth_compilable,file284.jsonl,1414,128,1287,0,23,70,0,494,567,3,5,0,0,0,0,44,112,23,660079
train_synth_compilable,file285.jsonl,1450,110,1290,0,26,98,1,642,553,2,3,0,0,0,0,56,119,23,670080
train_synth_compilable,file286.jsonl,1401,112,1267,0,26,87,0,423,589,1,12,0,0,0,0,48,96,23,680081
train_synth_compilable,file287.jsonl,1381,103,1250,0,20,82,0,429,538,4,3,0,0,0,0,46,139,23,690083
train_synth_compilable,file288.jsonl,1276,103,1146,0,18,76,0,463,563,0,3,0,0,0,0,44,105,24,700084
train_synth_compilable,file289.jsonl,1406,113,1268,0,20,92,0,601,610,1,3,0,0,0,0,85,67,25,710085
train_synth_compilable,file290.jsonl,1341,98,1197,0,20,84,0,478,627,4,4,0,0,0,0,70,129,26,720087
train_synth_compilable,file291.jsonl,1311,102,1170,0,20,66,0,570,550,1,3,0,0,0,0,38,101,28,730089
train_synth_compilable,file292.jsonl,1325,105,1203,0,18,86,1,455,623,2,3,0,0,0,0,65,91,28,740090
train_synth_compilable,file293.jsonl,1351,91,1197,0,25,69,0,410,821,9,0,0,0,0,0,51,91,29,750091
train_synth_compilable,file294.jsonl,1327,88,1215,0,13,82,0,463,569,4,2,0,0,0,0,52,69,29,760091
train_synth_compilable,file295.jsonl,1422,115,1271,0,24,58,0,474,553,21,4,0,0,0,0,48,69,29,770094
train_synth_compilable,file296.jsonl,1329,100,1212,0,23,95,0,524,549,2,6,0,0,0,0,61,105,31,780097
train_synth_compilable,file297.jsonl,1349,106,1230,0,17,82,0,403,505,3,3,0,0,0,0,54,98,31,790097
train_synth_compilable,file298.jsonl,1311,87,1193,0,21,84,0,458,537,8,5,0,0,0,0,44,94,32,800098
train_synth_compilable,file299.jsonl,1370,101,1235,0,23,65,0,557,639,5,2,0,0,0,0,59,97,32,810099
train_synth_compilable,file300.jsonl,1351,100,1233,0,22,88,0,579,565,9,3,0,0,0,0,53,152,33,820102
train_synth_compilable,file301.jsonl,1308,111,1183,0,15,76,0,483,577,2,2,0,0,0,0,52,136,34,830103
train_synth_compilable,file302.jsonl,1337,115,1203,0,21,68,0,501,553,1,9,0,0,0,0,45,78,34,840103
train_synth_compilable,file303.jsonl,1234,87,1124,0,20,76,0,375,522,0,1,0,0,0,0,51,76,34,850103
train_synth_compilable,file304.jsonl,1380,110,1266,0,17,69,0,523,600,10,1,0,0,0,0,47,108,34,860103
train_synth_compilable,file305.jsonl,1323,99,1196,0,20,93,0,401,522,0,3,0,0,0,0,55,66,34,870103
train_synth_compilable,file306.jsonl,1337,107,1202,0,20,96,0,540,577,2,3,0,0,0,0,42,110,35,880104
train_synth_compilable,file307.jsonl,1300,114,1189,0,15,103,0,460,600,3,2,0,0,0,0,45,74,37,890108
train_synth_compilable,file308.jsonl,1328,125,1202,0,17,99,0,465,604,1,3,0,0,0,0,57,75,37,900109
train_synth_compilable,file309.jsonl,1366,104,1229,0,19,114,0,469,592,4,6,0,0,0,0,43,134,37,910109
train_synth_compilable,file310.jsonl,1275,97,1156,0,16,76,0,535,605,5,7,0,0,0,0,43,89,37,920111
train_synth_compilable,file311.jsonl,1292,88,1185,0,31,80,0,450,584,10,4,0,0,0,0,59,92,37,930111
train_synth_compilable,file312.jsonl,1338,98,1209,0,22,72,0,469,549,0,5,0,0,0,0,49,60,37,940111
train_synth_compilable,file313.jsonl,1350,97,1227,0,24,91,0,496,600,1,1,0,0,0,0,56,80,38,950112
train_synth_compilable,file314.jsonl,1354,90,1221,0,29,81,0,447,648,1,3,0,0,0,0,50,78,38,960112
train_synth_compilable,file315.jsonl,1395,119,1261,0,19,97,0,610,551,1,4,0,0,0,0,49,110,39,970113
train_synth_compilable,file316.jsonl,1398,125,1234,0,28,77,0,416,648,0,7,0,0,0,0,65,89,40,980114
train_synth_compilable,file317.jsonl,1286,88,1168,0,22,105,0,543,614,3,3,0,0,0,0,58,72,40,990114
train_synth_compilable,file318.jsonl,1387,132,1244,0,18,70,0,472,583,1,4,0,0,0,0,49,94,40,1000116
train_synth_compilable,file319.jsonl,1308,121,1179,0,18,86,0,587,561,5,1,0,0,0,0,41,78,40,1010116
train_synth_compilable,file320.jsonl,1263,102,1137,0,28,91,0,548,675,1,3,0,0,0,0,74,82,40,1020116
train_synth_compilable,file321.jsonl,1366,107,1231,0,24,74,0,404,628,2,7,0,0,0,0,65,101,40,1030116
train_synth_compilable,file322.jsonl,1334,97,1207,0,20,88,0,449,630,0,3,0,0,0,0,38,96,40,1040116
train_synth_compilable,file323.jsonl,1370,93,1250,0,20,72,0,410,595,1,3,0,0,0,0,44,77,40,1050116
train_synth_compilable,file324.jsonl,1311,91,1180,0,25,94,0,387,665,3,2,0,0,0,0,57,92,41,1060118
train_synth_compilable,file325.jsonl,1400,102,1272,0,22,98,0,589,617,1,4,0,0,0,0,65,72,41,1070119
train_synth_compilable,file326.jsonl,1396,101,1255,0,18,108,0,466,493,1,4,0,0,0,0,64,102,41,1080119
train_synth_compilable,file327.jsonl,1375,111,1237,0,11,59,0,333,588,0,4,0,2,0,0,54,105,42,1090121
train_synth_compilable,file328.jsonl,1372,119,1244,0,27,98,0,549,605,2,5,0,0,0,0,49,75,43,1100122
train_synth_compilable,file329.jsonl,1243,95,1139,0,17,93,0,545,611,1,3,0,0,0,0,45,115,44,1110124
train_synth_compilable,file330.jsonl,1457,127,1333,0,25,120,0,583,598,1,1,0,0,0,0,100,73,44,1120126
train_synth_compilable,file331.jsonl,1334,101,1190,0,28,81,0,553,557,1,7,0,0,0,0,38,123,44,1130127
train_synth_compilable,file332.jsonl,1338,102,1205,0,20,59,0,575,701,3,2,0,0,0,0,69,66,45,1140133
train_synth_compilable,file333.jsonl,1412,110,1282,0,26,70,0,428,584,2,4,0,0,0,0,59,90,45,1150134
train_synth_compilable,file334.jsonl,1302,103,1177,0,24,80,0,510,579,5,3,0,0,0,0,48,111,45,1160134
train_synth_compilable,file335.jsonl,1326,86,1200,0,28,80,0,509,551,0,5,0,0,0,0,50,98,46,1170135
train_synth_compilable,file336.jsonl,1351,113,1232,0,17,76,0,467,577,2,8,0,0,0,0,47,95,47,1180137
train_synth_compilable,file337.jsonl,1315,81,1194,0,30,91,0,463,584,3,4,0,0,0,0,75,80,47,1190137
train_synth_compilable,file338.jsonl,1425,102,1297,0,20,66,0,359,713,4,4,0,0,0,0,50,74,47,1200137
train_synth_compilable,file339.jsonl,1331,119,1215,0,26,91,0,356,569,3,3,0,0,0,0,52,94,47,1210137
train_synth_compilable,file340.jsonl,1350,112,1231,0,25,109,0,525,622,0,5,0,0,0,0,59,81,48,1220138
train_synth_compilable,file341.jsonl,1339,100,1197,0,19,90,0,471,544,6,6,0,0,0,0,53,62,48,1230138
train_synth_compilable,file342.jsonl,1339,107,1195,0,23,100,0,406,651,2,4,0,0,0,0,64,102,48,1240138
train_synth_compilable,file343.jsonl,1351,109,1219,0,18,78,0,370,548,3,5,0,0,0,0,52,93,48,1250138
train_synth_compilable,file344.jsonl,1306,121,1184,0,26,95,0,583,488,0,3,0,0,0,0,58,94,48,1260139
train_synth_compilable,file345.jsonl,1377,101,1257,0,19,73,0,445,610,10,2,0,0,0,0,56,108,48,1270139
train_synth_compilable,file346.jsonl,1339,89,1203,0,34,76,0,480,648,3,2,0,0,0,0,63,128,49,1280143
train_synth_compilable,file347.jsonl,1337,111,1219,0,18,74,0,600,635,3,3,0,0,0,0,56,120,50,1290145
train_synth_compilable,file348.jsonl,1401,118,1284,0,21,63,0,391,595,5,1,0,0,0,0,61,129,50,1300145
train_synth_compilable,file349.jsonl,1338,105,1201,0,25,87,0,332,624,5,4,0,0,0,0,44,69,50,1310145
train_synth_compilable,file350.jsonl,1380,104,1231,0,15,74,0,482,614,2,4,0,0,0,0,52,115,54,1320149
train_synth_compilable,file351.jsonl,1390,111,1263,0,22,67,0,504,550,2,4,0,0,0,0,61,145,54,1330149
train_synth_compilable,file352.jsonl,1336,105,1195,0,21,105,0,636,580,4,4,0,0,0,0,41,75,54,1340153
train_synth_compilable,file353.jsonl,1348,99,1213,0,19,111,0,503,569,11,7,0,0,0,0,57,91,55,1350155
train_synth_compilable,file354.jsonl,1456,134,1311,0,30,99,0,493,575,1,3,0,0,0,0,63,92,55,1360156
train_synth_compilable,file355.jsonl,1322,97,1197,0,23,98,0,417,564,6,2,0,0,0,0,58,82,55,1370158
train_synth_compilable,file356.jsonl,1332,92,1203,0,14,82,0,415,617,0,5,0,0,0,0,43,122,56,1380161
train_synth_compilable,file357.jsonl,1321,114,1193,0,20,85,0,548,763,2,6,0,0,0,0,73,84,57,1390164
train_synth_compilable,file358.jsonl,1352,109,1229,0,23,91,0,465,676,2,4,0,0,0,0,50,115,59,1400167
train_synth_compilable,file359.jsonl,1327,92,1189,0,21,79,0,458,596,4,0,0,0,0,0,58,64,59,1410168
train_synth_compilable,file360.jsonl,1390,117,1260,0,26,75,0,429,706,4,7,0,0,0,0,45,107,60,1420170
train_synth_compilable,file361.jsonl,1255,95,1134,0,19,89,0,433,591,2,2,0,0,0,0,59,148,61,1430174
train_synth_compilable,file362.jsonl,1224,90,1131,0,17,85,0,383,529,0,7,0,0,0,0,43,88,62,1440175
train_synth_compilable,file363.jsonl,1272,90,1137,0,20,68,0,414,576,3,5,0,0,0,0,54,124,62,1450175
train_synth_compilable,file364.jsonl,1387,120,1250,0,17,49,0,510,633,4,4,0,0,0,0,66,96,62,1460176
train_synth_compilable,file365.jsonl,1293,99,1178,0,10,85,0,451,490,1,4,0,0,0,0,50,85,62,1470176
train_synth_compilable,file366.jsonl,1339,108,1220,0,14,87,0,452,574,1,2,0,0,0,0,58,95,64,1480179
train_synth_compilable,file367.jsonl,1300,107,1182,0,17,64,0,379,518,0,3,0,0,0,0,85,159,64,1490179
train_synth_compilable,file368.jsonl,1385,103,1252,0,21,94,0,595,553,2,4,0,0,0,0,44,182,66,1500181
train_synth_compilable,file369.jsonl,1272,111,1140,0,22,78,0,342,548,0,4,0,0,0,0,50,78,66,1510181
train_synth_compilable,file370.jsonl,1331,111,1204,0,24,69,0,454,544,6,6,0,0,0,0,66,109,70,1520185
train_synth_compilable,file371.jsonl,1355,102,1233,0,18,79,0,416,577,2,1,0,0,0,0,43,69,70,1530186
train_synth_compilable,file372.jsonl,1311,100,1177,0,23,85,0,549,604,0,1,0,0,0,0,42,112,72,1540189
train_synth_compilable,file373.jsonl,1402,127,1258,0,31,94,0,449,591,2,4,0,0,0,0,52,73,72,1550191
train_synth_compilable,file374.jsonl,1272,84,1173,0,24,89,0,477,556,2,4,0,0,0,0,58,103,72,1560191
train_synth_compilable,file375.jsonl,1352,107,1222,0,22,83,0,506,540,5,1,0,0,0,0,59,119,72,1570191
train_synth_compilable,file376.jsonl,1371,105,1259,0,26,75,0,477,525,11,7,0,0,0,0,68,90,72,1580192
train_synth_compilable,file377.jsonl,1347,104,1227,0,27,80,0,350,663,3,1,0,0,0,0,63,123,72,1590193
train_synth_compilable,file378.jsonl,1300,95,1185,0,22,68,0,549,558,3,5,0,0,0,0,78,104,72,1600194
train_synth_compilable,file379.jsonl,1355,91,1235,0,32,93,0,491,617,3,4,0,0,0,0,53,102,72,1610195
train_synth_compilable,file380.jsonl,1244,89,1122,0,19,76,0,589,560,5,4,0,0,0,0,66,75,73,1620197
train_synth_compilable,file381.jsonl,1273,82,1158,0,16,82,0,399,556,0,4,0,0,0,0,48,98,74,1630199
train_synth_compilable,file382.jsonl,1355,128,1209,0,19,99,0,414,606,7,7,0,0,0,0,63,92,74,1640202
train_synth_compilable,file383.jsonl,1397,101,1251,0,20,101,0,622,531,7,6,0,0,0,0,76,75,74,1650203
train_synth_compilable,file384.jsonl,1283,120,1175,0,13,83,0,451,560,2,4,0,0,0,0,65,100,74,1660203
train_synth_compilable,file385.jsonl,1277,77,1138,0,24,118,0,457,600,3,6,0,0,0,0,57,127,74,1670203
train_synth_compilable,file386.jsonl,1355,107,1192,0,20,79,0,433,560,5,4,0,0,0,0,79,96,74,1680203
train_synth_compilable,file387.jsonl,1420,141,1294,0,21,73,0,491,635,1,4,0,0,0,0,49,75,74,1690203
train_synth_compilable,file388.jsonl,1388,106,1239,0,21,70,0,539,612,2,4,0,0,0,0,74,54,75,1700204
train_synth_compilable,file389.jsonl,1237,82,1117,0,28,76,0,362,522,2,8,0,0,0,0,38,117,75,1710204
train_synth_compilable,file390.jsonl,1417,120,1278,0,22,82,0,451,644,0,6,0,0,0,0,54,98,76,1720205
train_synth_compilable,file391.jsonl,1322,121,1199,0,28,61,0,435,761,7,2,0,0,0,0,65,54,76,1730205
train_synth_compilable,file392.jsonl,1348,106,1222,0,13,81,0,475,604,2,4,0,0,0,0,55,76,76,1740206
train_synth_compilable,file393.jsonl,1321,95,1197,0,16,74,0,459,600,3,8,0,0,0,0,59,124,76,1750208
train_synth_compilable,file394.jsonl,1351,109,1232,0,26,87,0,445,568,1,9,0,0,0,0,46,160,76,1760208
train_synth_compilable,file395.jsonl,1357,99,1227,0,24,100,0,453,569,1,2,0,0,0,0,51,114,76,1770209
train_synth_compilable,file396.jsonl,1343,85,1214,0,22,81,0,453,549,4,2,0,0,0,0,43,92,76,1780210
train_synth_compilable,file397.jsonl,1387,108,1271,0,21,69,0,539,560,4,1,0,0,0,0,62,83,76,1790211
train_synth_compilable,file398.jsonl,1414,127,1260,0,21,81,0,495,544,1,4,0,0,0,0,47,93,76,1800212
train_synth_compilable,file399.jsonl,1370,120,1229,0,20,99,0,586,569,11,2,0,0,0,0,76,118,77,1810214
train_synth_compilable,file400.jsonl,1363,128,1225,0,19,57,0,565,616,12,5,0,0,0,0,56,100,77,1820215
train_synth_compilable,file401.jsonl,1343,98,1211,0,20,85,0,509,862,11,4,0,0,0,0,60,63,77,1830217
train_synth_compilable,file402.jsonl,1294,99,1174,0,21,101,0,515,531,1,4,0,0,0,0,45,104,77,1840217
train_synth_compilable,file403.jsonl,1294,94,1164,0,24,76,0,468,527,1,4,0,0,0,0,49,97,77,1850217
train_synth_compilable,file404.jsonl,1312,106,1193,0,28,79,0,603,553,4,6,0,0,0,0,71,109,77,1860219
train_synth_compilable,file405.jsonl,1361,102,1222,0,28,76,0,417,544,3,1,0,0,0,0,58,78,77,1870219
train_synth_compilable,file406.jsonl,1393,122,1269,0,30,82,0,485,583,4,4,0,0,0,0,57,138,77,1880219
train_synth_compilable,file407.jsonl,1288,107,1167,0,21,92,0,580,597,1,4,0,0,0,0,66,126,77,1890220
train_synth_compilable,file408.jsonl,1216,110,1112,0,23,127,0,520,621,5,4,0,0,0,0,69,101,77,1900220
train_synth_compilable,file409.jsonl,1289,93,1166,0,12,63,0,600,583,9,8,0,0,0,0,62,90,79,1910222
train_synth_compilable,file410.jsonl,1350,120,1212,0,20,71,0,505,591,5,5,0,0,0,0,49,117,79,1920222
train_synth_compilable,file411.jsonl,1307,100,1147,0,18,75,0,505,597,1,4,0,0,0,0,81,139,79,1930222
train_synth_compilable,file412.jsonl,1362,107,1230,0,23,82,0,523,579,5,3,0,0,0,0,71,95,82,1940226
train_synth_compilable,file413.jsonl,1403,114,1290,0,18,83,0,335,676,5,3,0,0,0,0,56,84,82,1950229
train_synth_compilable,file414.jsonl,1367,89,1230,0,21,78,0,472,555,5,4,0,0,0,0,50,84,83,1960230
train_synth_compilable,file415.jsonl,1437,115,1289,0,28,75,0,452,542,1,4,0,0,0,0,72,145,83,1970232
train_synth_compilable,file416.jsonl,1360,106,1232,0,19,83,0,488,608,4,3,0,0,0,0,49,62,83,1980233
,,,,,,,,,,,,,,,,,,,,
train_synth_rich_io,file1.jsonl,1089,0,1064,0,0,3,0,75,297,0,1,0,0,0,0,20,70,0,10000
train_synth_rich_io,file2.jsonl,1107,2,1068,0,0,7,0,112,221,0,0,0,0,0,0,15,24,0,20000
train_synth_rich_io,file3.jsonl,1152,0,1124,0,0,13,0,54,275,0,0,0,0,0,0,18,68,0,30000
train_synth_rich_io,file4.jsonl,783,0,757,0,1,7,0,55,191,0,0,0,0,0,0,3,21,0,37250
train_synth_rich_io,file5.jsonl,1189,0,1145,0,0,7,0,72,341,0,0,0,0,0,0,12,55,0,47250
train_synth_rich_io,file6.jsonl,1086,0,1046,0,2,2,0,99,261,0,0,0,0,0,0,13,85,0,57250
train_synth_rich_io,file7.jsonl,1139,1,1084,0,1,10,0,72,323,1,0,0,0,0,0,22,46,0,67250
train_synth_rich_io,file8.jsonl,1191,0,1150,0,2,13,0,65,239,0,0,0,0,0,0,11,52,0,77250
train_synth_rich_io,file9.jsonl,1115,0,1089,0,0,10,0,56,238,0,0,0,0,0,0,42,47,0,87250
train_synth_rich_io,file10.jsonl,1102,0,1060,0,1,8,0,77,261,0,0,0,0,0,0,21,71,0,97250
train_synth_rich_io,file11.jsonl,1118,1,1090,0,1,6,0,59,249,0,0,0,0,0,0,22,38,0,107250
,,,,,,,,,,,,,,,,,,,,
train_synth_simple_io,file1.jsonl,1908,1,1785,0,7,69,0,925,375,0,2,0,0,0,0,36,40,0,10003
train_synth_simple_io,file2.jsonl,1952,1,1860,0,12,19,0,858,326,4,1,0,0,0,0,18,10,2,20007
train_synth_simple_io,file3.jsonl,1982,2,1876,0,4,32,0,823,448,13,4,0,0,0,0,17,12,3,30011
train_synth_simple_io,file4.jsonl,1917,1,1808,0,10,46,0,1146,335,5,3,0,0,0,0,31,10,5,40014
train_synth_simple_io,file5.jsonl,1966,0,1854,0,10,28,0,849,307,9,0,0,0,0,0,26,12,7,50016
train_synth_simple_io,file6.jsonl,1979,1,1875,0,5,23,0,881,363,0,1,0,0,0,0,7,6,9,60021
train_synth_simple_io,file7.jsonl,1959,1,1847,0,8,31,0,859,334,10,4,0,0,0,0,40,12,10,70023
train_synth_simple_io,file8.jsonl,2006,2,1890,0,4,13,0,825,381,1,4,0,0,0,0,14,20,10,80023
train_synth_simple_io,file9.jsonl,1893,3,1787,0,4,38,0,811,380,1,4,0,0,0,0,29,11,11,90025
train_synth_simple_io,file10.jsonl,1930,0,1830,0,7,20,0,835,313,0,1,0,0,0,0,18,12,12,100026
train_synth_simple_io,file11.jsonl,1943,0,1836,0,6,25,0,898,473,8,1,0,0,0,0,34,5,13,110027
train_synth_simple_io,file12.jsonl,2005,1,1890,0,9,24,0,944,299,0,1,0,0,0,0,43,1,15,120032
train_synth_simple_io,file13.jsonl,1951,1,1818,0,2,18,0,808,320,8,2,0,0,0,0,20,10,15,130034
train_synth_simple_io,file14.jsonl,1857,0,1749,0,5,42,0,803,331,8,2,0,0,0,0,10,12,15,140035
train_synth_simple_io,file15.jsonl,1918,0,1813,0,9,33,0,867,308,0,2,0,0,0,0,24,8,16,150037
train_synth_simple_io,file16.jsonl,1937,1,1832,0,5,33,0,841,346,9,1,0,0,0,0,44,12,17,160038
train_synth_simple_io,file17.jsonl,1957,2,1830,0,7,30,0,847,306,1,1,0,0,0,0,18,4,19,170043
train_synth_simple_io,file18.jsonl,1976,0,1848,0,5,29,0,900,265,4,2,0,0,0,0,14,2,19,180048
train_synth_simple_io,file19.jsonl,2029,2,1908,0,9,22,0,956,490,0,3,0,0,0,0,18,15,21,190051
train_synth_simple_io,file20.jsonl,1983,0,1878,0,4,29,0,791,333,5,1,0,0,0,0,29,8,24,200054
train_synth_simple_io,file21.jsonl,1976,2,1872,0,2,27,0,730,358,0,0,0,0,0,0,28,18,25,210056
train_synth_simple_io,file22.jsonl,1829,2,1733,0,9,18,0,888,352,0,1,0,0,0,0,22,5,26,220057
train_synth_simple_io,file23.jsonl,18,0,17,0,0,1,0,13,4,0,0,0,0,0,0,0,0,26,220173
train_synth_simple_io,file24.jsonl,1969,0,1854,0,6,22,0,948,515,0,3,0,0,0,0,21,32,27,230174
train_synth_simple_io,file25.jsonl,2011,0,1900,0,6,35,0,1093,352,21,1,0,0,0,0,28,5,27,240175
train_synth_simple_io,file26.jsonl,1895,0,1786,0,4,38,0,934,338,0,1,0,0,0,0,18,6,28,250176
train_synth_simple_io,file27.jsonl,1973,5,1853,0,5,25,0,995,323,0,2,0,0,0,0,25,18,30,260178
train_synth_simple_io,file28.jsonl,1975,0,1858,0,3,22,0,708,334,0,3,0,0,0,0,13,5,30,270179
train_synth_simple_io,file29.jsonl,1900,1,1793,0,9,32,0,914,345,0,2,0,0,0,0,22,12,30,280179
train_synth_simple_io,file30.jsonl,1877,1,1785,0,6,43,0,900,331,5,0,0,0,0,0,21,18,32,290181
train_synth_simple_io,file31.jsonl,1937,1,1830,0,5,32,0,950,335,0,0,0,0,0,0,29,17,32,300185
train_synth_simple_io,file32.jsonl,1944,0,1844,0,6,23,0,1008,348,16,2,0,0,0,0,24,12,33,310186
train_synth_simple_io,file33.jsonl,1867,1,1769,0,7,26,0,893,304,1,4,0,0,0,0,17,6,34,320189
train_synth_simple_io,file34.jsonl,1922,0,1818,0,4,25,0,910,329,0,1,0,0,0,0,14,11,34,330193
train_synth_simple_io,file35.jsonl,2010,2,1884,0,8,28,0,1117,337,8,2,0,0,0,0,15,4,35,340195
train_synth_simple_io,file36.jsonl,1989,1,1885,0,2,34,0,878,413,12,3,0,0,0,0,11,28,39,350201
train_synth_simple_io,file37.jsonl,2041,2,1932,0,8,21,0,793,377,2,0,0,0,0,0,17,6,41,360204
train_synth_simple_io,file38.jsonl,1939,1,1834,0,5,28,0,957,317,0,2,0,0,0,0,12,9,43,370208
train_synth_simple_io,file39.jsonl,1924,2,1823,0,7,27,0,902,371,0,2,0,0,0,0,26,9,43,380210
train_synth_simple_io,file40.jsonl,1951,2,1850,0,9,62,0,871,311,1,3,0,0,0,0,21,1,43,390210
train_synth_simple_io,file41.jsonl,1996,1,1905,0,5,24,0,939,341,0,4,0,0,0,0,15,7,43,400212
train_synth_simple_io,file42.jsonl,1994,2,1875,0,5,17,0,788,351,8,2,0,0,0,0,18,5,45,410214
train_synth_simple_io,file43.jsonl,1992,3,1876,0,8,24,0,855,321,9,3,0,0,0,0,10,2,46,420217
train_synth_simple_io,file44.jsonl,1884,0,1772,0,4,35,0,955,338,0,2,0,0,0,0,17,17,46,430221
train_synth_simple_io,file45.jsonl,1938,0,1821,0,1,32,0,795,301,0,1,0,0,0,0,25,12,48,440223
train_synth_simple_io,file46.jsonl,2038,0,1919,0,7,29,0,671,321,0,2,0,0,0,0,12,12,48,450223
train_synth_simple_io,file47.jsonl,1955,2,1845,0,9,38,0,824,337,9,2,0,0,0,0,15,3,48,460224
train_synth_simple_io,file48.jsonl,1983,0,1887,0,8,37,0,1022,630,0,2,0,0,0,0,21,12,49,470226
train_synth_simple_io,file49.jsonl,1968,0,1855,0,8,24,0,929,337,0,1,0,0,0,0,27,38,49,480228
train_synth_simple_io,file50.jsonl,2026,0,1910,0,9,33,0,776,327,0,3,0,0,0,0,39,15,49,490228
train_synth_simple_io,file51.jsonl,2035,0,1908,0,8,25,0,897,324,0,0,0,0,0,0,20,8,51,500230
train_synth_simple_io,file52.jsonl,1973,1,1857,0,3,20,0,882,313,8,0,0,0,0,0,14,27,53,510234
train_synth_simple_io,file53.jsonl,1960,2,1841,0,11,33,0,829,828,5,5,0,0,0,0,23,13,55,520236
train_synth_simple_io,file54.jsonl,1963,2,1850,0,10,33,0,792,385,8,2,0,0,0,0,20,15,55,530236
train_synth_simple_io,file55.jsonl,1960,2,1841,0,6,21,0,741,631,0,5,0,0,0,0,12,3,57,540238
train_synth_simple_io,file56.jsonl,1868,0,1754,0,7,41,0,975,476,0,1,0,0,0,0,27,30,57,550240
train_synth_simple_io,file57.jsonl,1981,0,1865,0,9,48,0,856,356,8,4,0,0,0,0,12,17,57,560240
train_synth_simple_io,file58.jsonl,1966,1,1838,0,9,29,0,926,350,0,1,0,0,0,0,19,3,57,570240
train_synth_simple_io,file59.jsonl,1959,1,1862,0,3,21,0,666,316,1,3,0,0,0,0,33,7,57,580240
train_synth_simple_io,file60.jsonl,2035,0,1915,0,5,25,0,693,392,8,0,0,0,0,0,18,15,57,590240
train_synth_simple_io,file61.jsonl,2040,1,1918,0,8,20,0,896,353,0,2,0,0,0,0,20,27,58,600242
train_synth_simple_io,file62.jsonl,1949,1,1842,0,6,35,0,1007,380,0,1,0,0,0,0,47,31,59,610243
train_synth_simple_io,file63.jsonl,1959,1,1856,0,6,19,0,1076,333,8,1,0,0,0,0,6,7,59,620246
train_synth_simple_io,file64.jsonl,1975,0,1878,0,7,27,0,972,363,0,2,0,0,0,0,16,6,59,630248
train_synth_simple_io,file65.jsonl,2012,0,1903,0,8,37,0,772,311,8,0,0,0,0,0,17,11,61,640251
,,,,,,,,,,,,,,,,,,,,
valid_real,file1.jsonl,2150,0,1977,0,0,4,0,27356,308,496,1,0,0,0,0,2,463,0,2141
,,,,,,,,,,,,,,,,,,,,
valid_synth,file1.jsonl,557,1,543,0,0,6,0,40,138,0,0,0,0,0,0,10,23,0,5000